<?xml version="1.0" encoding="UTF-8"?>
<!DOCTYPE fontscolors PUBLIC "-//NetBeans//DTD Editor Fonts and Colors settings 1.1//EN" "http://www.netbeans.org/dtds/EditorFontsColors-1_1.dtd">
<fontscolors>
    <fontcolor default="keyword" foreColor="ff0000e6" name="tag">
        <font style="bold"/>
    </fontcolor>
    <fontcolor default="string" foreColor="red" name="color_value">
        <font style="bold"/>
    </fontcolor>
    <fontcolor name="space"/>
    <fontcolor default="identifier" foreColor="ff007c00" name="class_name">
        <font style="bold"/>
    </fontcolor>
    <fontcolor name="character"/>
    <fontcolor name="evaluation"/>
    <fontcolor default="identifier" foreColor="ff2e92c7" name="id">
        <font style="bold+italic"/>
    </fontcolor>
    <fontcolor default="comment" foreColor="gray" name="constant_declaration">
        <font style="bold"/>
    </fontcolor>
    <fontcolor default="comment" foreColor="gray" name="constant_reference">
        <font style="bold"/>
    </fontcolor>
    <fontcolor name="value"/>
    <fontcolor default="comment" foreColor="gray" name="import"/>
    <fontcolor default="keyword" foreColor="ff8b94ff" name="key">
        <font style="bold"/>
    </fontcolor>
    <fontcolor default="number" foreColor="ff0000cd" name="number_value"/>
    <fontcolor name="indent"/>
    <fontcolor default="error" name="error"/>
    <fontcolor default="keyword" name="keyword"/>
    <fontcolor default="whitespace" name="whitespace"/>
    <fontcolor name="GAP"/>
    <fontcolor default="number" name="number"/>
    <fontcolor default="operator" name="operator"/>
    <fontcolor name="newline"/>
    <fontcolor default="string" name="string"/>
    <fontcolor name="PE"/>
    <fontcolor default="comment" name="comment"/>
    <fontcolor default="string" foreColor="ff00a01f" name="string_value"/>
    <fontcolor default="identifier" name="identifier"/>
</fontscolors>
