<?xml version="1.0" encoding="UTF-8"?>
<!DOCTYPE bindings PUBLIC "-//NetBeans//DTD Editor KeyBindings settings 1.1//EN" "http://www.netbeans.org/dtds/EditorKeyBindings-1_1.dtd">
<bindings>
    <bind actionName="complete-line" key="DO-PERIOD"/>
    <bind actionName="in-place-refactoring" key="D-R"/>
    <bind actionName="toggle-comment" key="SD-C"/>
    <bind actionName="toggle-comment" key="D-SLASH"/>
    <bind key="SO-M" remove="true"/>
    <bind key="SO-E" remove="true"/>
    <bind key="SO-V" remove="true"/>
    <bind key="SO-C" remove="true"/>
</bindings>
