<?xml version="1.0" encoding="UTF-8"?>
<!DOCTYPE bindings PUBLIC "-//NetBeans//DTD Editor KeyBindings settings 1.1//EN" "http://www.netbeans.org/dtds/EditorKeyBindings-1_1.dtd">
<bindings>
    <bind actionName="copy-selection-else-line-down" key="DO-PAGE_DOWN"/>
    <bind actionName="copy-selection-else-line-up" key="DO-PAGE_UP"/>
    <bind actionName="format" key="DO-NUMPAD4"/>
    <bind actionName="remove-line" key="D-D"/>
    <bind actionName="tooltip-show" key="DO-P"/>
    <bind key="SD-C" remove="true"/>
    <bind key="SO-COMMA" remove="true"/>
    <bind key="SD-KP_UP" remove="true"/>
    <bind key="S-F10" remove="true"/>
    <bind key="D-SLASH" remove="true"/>
    <bind key="S-SPACE" remove="true"/>
    <bind key="O-SEMICOLON" remove="true"/>
    <bind key="SO-PERIOD" remove="true"/>
    <bind key="SD-DOWN" remove="true"/>
    <bind key="O-L" remove="true"/>
    <bind key="D-R" remove="true"/>
    <bind key="D-P" remove="true"/>
</bindings>
