<?xml version="1.0" encoding="UTF-8"?>
<!DOCTYPE library PUBLIC "-//NetBeans//DTD Library Declaration 1.0//EN" "http://www.netbeans.org/dtds/library-declaration-1_0.dtd">
<library version="1.0">
    <name>clojure-1.1.0</name>
    <type>j2se</type>
    <volume>
        <type>classpath</type>
        <resource>jar:file:/home/daniel/.netbeans/enclojure-prefs/ClojurePlatforms/clojure-1.1.0/clojure-1.1.0.jar!/</resource>
        <resource>jar:file:/home/daniel/.netbeans/enclojure-prefs/ClojurePlatforms/clojure-1.1.0/clojure-contrib-1.1.0.jar!/</resource>
    </volume>
    <volume>
        <type>src</type>
    </volume>
    <volume>
        <type>javadoc</type>
    </volume>
    <volume>
        <type>maven-pom</type>
    </volume>
</library>
