<?xml version="1.0" encoding="UTF-8"?>
<!DOCTYPE bindings PUBLIC "-//NetBeans//DTD Editor KeyBindings settings 1.1//EN" "http://www.netbeans.org/dtds/EditorKeyBindings-1_1.dtd">
<bindings>
    <bind actionName="in-place-refactoring" key="D-R"/>
    <bind actionName="rails-generator" key="O-INSERT"/>
    <bind actionName="select-element-next" key="SO-PERIOD"/>
    <bind actionName="select-element-previous" key="SO-COMMA"/>
    <bind actionName="toggle-comment" key="SD-C"/>
    <bind actionName="toggle-comment" key="D-SLASH"/>
    <bind key="SO-F6" remove="true"/>
    <bind key="O-F1" remove="true"/>
    <bind key="SD-P" remove="true"/>
    <bind key="SO-F5" remove="true"/>
</bindings>
