<?xml version="1.0" encoding="UTF-8"?>
<!DOCTYPE codetemplates PUBLIC "-//NetBeans//DTD Editor Code Templates settings 1.0//EN" "http://www.netbeans.org/dtds/EditorCodeTemplates-1_0.dtd">
<codetemplates>
    <codetemplate abbreviation="test" xml:space="preserve">
        <code><![CDATA[test('${cursor}', function() {
    equals(true, true)
});]]></code>
        <description><![CDATA[qunit test]]></description>
    </codetemplate>
    <codetemplate abbreviation="bl" xml:space="preserve">
        <code><![CDATA[function() {${cursor}}]]></code>
        <description><![CDATA[adds annoynomous inner function]]></description>
    </codetemplate>
</codetemplates>
