<?xml version="1.0" encoding="UTF-8"?>
<!DOCTYPE fontscolors PUBLIC "-//NetBeans//DTD Editor Fonts and Colors settings 1.1//EN" "http://www.netbeans.org/dtds/EditorFontsColors-1_1.dtd">
<fontscolors>
    <fontcolor foreColor="ff666666" name="code-folding"/>
    <fontcolor foreColor="black" name="caret-color-insert-mode"/>
    <fontcolor foreColor="ff719dd2" name="dlight-metrics-text-highlighting"/>
    <fontcolor foreColor="ffffa8a8" name="text-limit-line-color"/>
    <fontcolor bgColor="ffe0e8f1" foreColor="black" name="block-search"/>
    <fontcolor bgColor="ffdbe7f3" foreColor="black" name="dlight-metrics-annotations"/>
    <fontcolor bgColor="fff3ff0f" name="nbeditor-bracesMatching-match-multichar"/>
    <fontcolor bgColor="ffe9e8e2" foreColor="black" name="line-number"/>
    <fontcolor foreColor="blue" name="hyperlinks" underline="blue"/>
    <fontcolor bgColor="ffe9eff8" name="highlight-caret-row"/>
    <fontcolor foreColor="red" name="status-bar-bold"/>
    <fontcolor bgColor="ffb0c5e3" name="selection"/>
    <fontcolor foreColor="black" name="caret-color-overwrite-mode"/>
    <fontcolor name="status-bar"/>
    <fontcolor bgColor="ffffb442" foreColor="black" name="inc-search"/>
    <fontcolor foreColor="ffcc0099" name="synchronized-text-blocks-ext"/>
    <fontcolor foreColor="ff666666" name="code-folding-bar"/>
    <fontcolor bgColor="ffffb442" foreColor="black" name="highlight-search"/>
    <fontcolor bgColor="ffd83636" name="nbeditor-bracesMatching-mismatch-multichar"/>
    <fontcolor foreColor="ff996600" name="synchronized-text-blocks-ext-slave"/>
    <fontcolor bgColor="fff3ff0f" name="nbeditor-bracesMatching-match"/>
    <fontcolor bgColor="ffdfdfdf" name="guarded"/>
    <fontcolor bgColor="ffd83636" name="nbeditor-bracesMatching-mismatch"/>
</fontscolors>
