<?xml version="1.0" encoding="UTF-8"?>
<!DOCTYPE fontscolors PUBLIC "-//NetBeans//DTD Editor Fonts and Colors settings 1.1//EN" "http://www.netbeans.org/dtds/EditorFontsColors-1_1.dtd">
<fontscolors>
    <fontcolor default="string" foreColor="red" name="ruby_symbol">
        <font style="bold"/>
    </fontcolor>
    <fontcolor default="string" foreColor="ff00a01f" name="ruby_string"/>
    <fontcolor name="start_tag_contents"/>
    <fontcolor default="comment" foreColor="ff969696" name="ruby_comment"/>
    <fontcolor default="comment" foreColor="ff969696" name="html_comment_text"/>
    <fontcolor default="comment" foreColor="ff969696" name="haml_comment"/>
    <fontcolor default="string" name="ruby"/>
    <fontcolor default="identifier" foreColor="ff007c00" name="class_name">
        <font style="bold"/>
    </fontcolor>
    <fontcolor name="space"/>
    <fontcolor name="self_close_tag"/>
    <fontcolor name="character"/>
    <fontcolor default="identifier" foreColor="ff2e92c7" name="id_eval">
        <font style="bold+italic"/>
    </fontcolor>
    <fontcolor default="identifier" foreColor="ff2e92c7" name="id">
        <font style="bold+italic"/>
    </fontcolor>
    <fontcolor name="attributes_end"/>
    <fontcolor name="attributes_start"/>
    <fontcolor default="string" name="block_parameters"/>
    <fontcolor default="keyword" foreColor="ff0000e6" name="custom_tag">
        <font style="bold"/>
    </fontcolor>
    <fontcolor name="text"/>
    <fontcolor default="comment" foreColor="gray" name="declaration"/>
    <fontcolor default="comment" foreColor="ff969696" name="start_html_comment_block"/>
    <fontcolor default="error" name="error"/>
    <fontcolor name="indent"/>
    <fontcolor default="number" foreColor="ff0000cd" name="ruby_number"/>
    <fontcolor default="keyword" name="keyword"/>
    <fontcolor default="whitespace" name="whitespace"/>
    <fontcolor name="GAP"/>
    <fontcolor default="number" name="number"/>
    <fontcolor default="string" name="multi_line_separator"/>
    <fontcolor name="end_ruby"/>
    <fontcolor default="string" name="ruby_object_reference"/>
    <fontcolor name="start_filter"/>
    <fontcolor default="operator" name="operator"/>
    <fontcolor name="start_eval"/>
    <fontcolor name="end_tag"/>
    <fontcolor name="newline"/>
    <fontcolor default="string" name="string"/>
    <fontcolor name="PE"/>
    <fontcolor default="identifier" foreColor="ff007c00" name="class_name_eval">
        <font style="bold"/>
    </fontcolor>
    <fontcolor default="keyword" foreColor="ff0000e6" name="custom_tag_eval">
        <font style="bold"/>
    </fontcolor>
    <fontcolor default="comment" name="comment"/>
    <fontcolor default="identifier" name="identifier"/>
</fontscolors>
