<?xml version="1.0" encoding="UTF-8"?>
<!DOCTYPE fontscolors PUBLIC "-//NetBeans//DTD Editor Fonts and Colors settings 1.1//EN" "http://www.netbeans.org/dtds/EditorFontsColors-1_1.dtd">
<fontscolors>
    <fontcolor default="default" foreColor="blue" name="COMMENT_LINK" underline="blue"/>
    <fontcolor foreColor="ff99006b" name="COMMENT_TODO">
        <font style="bold"/>
    </fontcolor>
    <fontcolor default="comment" name="COMMENT_HTMLTAG">
        <font style="bold"/>
    </fontcolor>
    <fontcolor default="comment" name="COMMENT_TEXT"/>
    <fontcolor default="comment" foreColor="ff0000cc" name="COMMENT_RDOC">
        <font style="bold"/>
    </fontcolor>
    <fontcolor default="default" name="COMMENT_BOLD">
        <font style="bold"/>
    </fontcolor>
    <fontcolor default="default" name="COMMENT_ITALIC">
        <font style="italic"/>
    </fontcolor>
</fontscolors>
