<?xml version="1.0" encoding="UTF-8"?>
<!DOCTYPE codetemplates PUBLIC "-//NetBeans//DTD Editor Code Templates settings 1.0//EN" "http://www.netbeans.org/dtds/EditorCodeTemplates-1_0.dtd">
<codetemplates>
    <codetemplate abbreviation="op" xml:space="preserve">
        <code><![CDATA[:${1 default=key} => ${2 default=:value}]]></code>
        <description><![CDATA[HashOptions]]></description>
    </codetemplate>
    <codetemplate abbreviation="mis" xml:space="preserve">
        <code><![CDATA[def method_missing(name, *args, &block)
  ${cursor}
end]]></code>
        <description><![CDATA[Method missing básico]]></description>
    </codetemplate>
    <codetemplate abbreviation="bl" xml:space="preserve">
        <code><![CDATA[&block]]></code>
        <description><![CDATA[&block]]></description>
    </codetemplate>
    <codetemplate abbreviation="args" xml:space="preserve">
        <code><![CDATA[*args, &block]]></code>
        <description><![CDATA[*args, &block]]></description>
    </codetemplate>
    <codetemplate abbreviation="init" xml:space="preserve">
        <code><![CDATA[def initialize
  ${cursor}
end]]></code>
        <description><![CDATA[intialize]]></description>
    </codetemplate>
    <codetemplate abbreviation="l" xml:space="preserve">
        <code><![CDATA[:${1 default="key"} => ${2 default="value"}]]></code>
        <description><![CDATA[Key value,when key is symbol]]></description>
    </codetemplate>
</codetemplates>
